adaugaClient,2023-05-31 14:51:41.585
setareAdresa,2023-05-31 14:52:19.72
setareAdresa,2023-05-31 14:53:33.844
adaugaProgramare,2023-05-31 14:57:43.596
adaugaProgramare,2023-05-31 14:57:48.325
stergeClient,2023-05-31 14:58:18.498
adaugaProgramare,2023-05-31 14:58:29.266
adaugaProgramare,2023-05-31 14:58:36.127
adaugaDoctor,2023-05-31 14:59:13.729
adaugaProgramare,2023-05-31 14:59:55.285
adaugaProgramare,2023-05-31 15:00:25.984
setareAdresa,2023-05-31 15:01:01.347
setareAdresa,2023-05-31 15:13:30.279
afisareCabinet,2023-05-31 15:15:34.558
setareAdresa,2023-05-31 15:18:46.88
adaugaClient,2023-05-31 17:21:18.408
setareAdresa,2023-05-31 17:21:55.526
adaugaProgramare,2023-06-01 07:41:44.124
adaugaDoctor,2023-06-01 07:42:07.05
adaugaProgramare,2023-06-01 07:42:32.35
adaugaClient,2023-06-01 07:43:03.03
adaugaDoctor,2023-06-04 21:33:27.514
adaugaProgramare,2023-06-04 21:39:24.771
adaugaProgramare,2023-06-04 21:39:36.881
adaugaProgramare,2023-06-04 21:43:30.141
adaugaProgramare,2023-06-04 21:44:15.0
adaugaProgramare,2023-06-04 21:44:58.872
